{
    "avg_inference_ms": 173.93663061666666,
    "chars_per_second": 781.8939548146475,
    "filename": "image_4.png",
    "fps": 5.749220255990055,
    "rec_scores": [
        0.9345801472663879,
        0.9997333884239197,
        0.5521987080574036,
        0.9772123694419861,
        0.9937402009963989,
        0.9653685688972473,
        0.9941362142562866
    ],
    "rec_texts": [
        "监控报警器",
        "保家为民",
        "Laejiaweumi",
        "安防",
        "保家为民电子安防器材",
        "电话：0757-88322533 18666371688",
        "厂家直销佛山第2分店"
    ],
    "runs": 3,
    "total_chars": 136
}