{
    "avg_inference_ms": 173.93663061666666,
    "chars_per_second": 896.8783599344487,
    "filename": "image_2.png",
    "fps": 5.749220255990055,
    "rec_scores": [
        0.7491531372070313,
        0.6970722675323486,
        0.33321893215179443,
        0.9997183084487915,
        0.3711029291152954,
        0.9900038242340088,
        0.3996139168739319,
        0.5236099362373352,
        0.5065966844558716,
        0.3813874125480652
    ],
    "rec_texts": [
        "z.",
        "柴微",
        "Cw",
        "小吃",
        "ma",
        "监控系统",
        "上海市七票高店",
        "马感不乱来，车好不乱件：",
        "推规不乱物。完的不枕怀：",
        "餐会不流费：守学高指式"
    ],
    "runs": 3,
    "total_chars": 156
}