{
    "avg_inference_ms": 173.93663061666666,
    "chars_per_second": 172.47660767970166,
    "filename": "image_5.png",
    "fps": 5.749220255990055,
    "rec_scores": [
        0.9978997111320496,
        0.9940957427024841,
        0.9963187575340271
    ],
    "rec_texts": [
        "君缘2018",
        "私房菜",
        "TEL33636717"
    ],
    "runs": 3,
    "total_chars": 30
}