{
    "avg_inference_ms": 2568.3313333333335,
    "chars_per_second": 1083.193575491428,
    "filename": "image_11.png",
    "fps": 0.38935786322481236,
    "rec_scores": [
        0.9913399815559387,
        0.9994387030601501,
        0.9966334104537964,
        0.9842460751533508,
        0.9967755675315857,
        0.9984554052352905,
        0.978915810585022,
        0.9970731735229492,
        0.974521279335022,
        0.9899926781654358,
        0.9312149286270142,
        0.9903903603553772,
        0.9971640110015869,
        0.9814956188201904,
        0.9778954982757568,
        0.9980831742286682,
        0.9859276413917542,
        0.9982028603553772,
        0.9752574563026428,
        0.9994716048240662,
        0.9773418307304382,
        0.9842711091041565,
        0.9786869883537292,
        0.9959044456481934,
        0.9975196123123169,
        0.9899469614028931,
        0.9994655251502991,
        0.9982965588569641,
        0.9990959167480469,
        0.985924243927002,
        0.9993388652801514,
        0.9931795001029968,
        0.9976041913032532,
        0.9724327921867371,
        0.9846856594085693,
        0.9905834197998047,
        0.998173177242279,
        0.9793477654457092,
        0.9746420979499817,
        0.9872937798500061,
        0.9725779294967651,
        0.9906904697418213,
        0.9857759475708008,
        0.9904083013534546,
        0.9902392029762268
    ],
    "rec_texts": [
        "共同开辟和平、安全、繁荣、进步的光明前景",
        "解码全球治理倡议的世界意义",
        "本报记者龚",
        "鸣屈佩",
        "“我愿提出全球治理倡议，同各国一道，推动构建更加",
        "多极化、国际关系民主化的时代大势，顺应各国人民求和平",
        "公正合理的全球治理体系，携手迈向人类命运共同体。\"9月",
        "谋发展、促合作的共同呼声。",
        "1日，习近平主席在天津主持“上海合作组织+”会议并发表",
        "全球治理格局取决于国际力量对比.全球治理体系变革",
        "重要讲话，郑重提出全球治理倡议。",
        "源于国际力量对比变化。随着国际力量对比消长变化和全球",
        "全球治理倡议是继全球发展倡议、全球安全倡议、全球文",
        "性挑战日益增多，加强全球治理、推动全球治理体系变革是大",
        "明倡议后，中国为世界贡献的又一重要国际公共产品。奉行",
        "势所趋。",
        "主权平等，遵守国际法治，践行多边主义，倡导以人为本，注重",
        "“全球经济治理体系必须反映世界经济格局的深刻变化",
        "行动导向，全球治理倡议聚焦“构建什么样的全球治理体系",
        "增加新兴市场国家和发展中国家的代表性和发言权。2013年",
        "如何改革完善全球治理”这个时代课题，以维护联合国宪章宗",
        "3月，习近平主席在接受金砖国家媒体联合采访时指出",
        "旨和原则，践行共商共建共享的全球治理观为基本遵循，展现",
        "“新兴市场国家和发展中国家希望全球经济治理体系更完",
        "中国坚定做世界和平的建设者、全球发展的贡献者、国际秩序",
        "善、更符合世界生产力发展要求、更有利于世界各国共同",
        "的维护者的大国胸怀与担当。",
        "发展。",
        "全球治理体制变革离不开理念的引领。2015年10月",
        "“坚持在历史前进的逻辑中前进",
        "中共中央政治局就全球治理格局和全球治理体制进行集体",
        "在时代发展的潮流中发展”",
        "学习，习近平总书记创造性提出共商共建共享的全球治理",
        "理念.为全球治理体系变革阐明基本原则。",
        "构建什么样的全球治理体系、如何改革完善全球治理",
        "共商共建共享，意味着全球治理的事情大家一起商量着",
        "始终是习近平主席心之所系。",
        "办，更加完善的全球治理体系大家一起建设，由此产生的成果",
        "“历史告诉我们，越是困难时刻，越要秉持和平共处的",
        "由大家一起分享。“这一理念彰显中国领导人的全球视野和政",
        "初心.坚定合作共赢的信心.坚持在历史前进的逻辑中前进",
        "治智慧，有利于强化各国的命运共同体意识，通过协商合作应",
        "在时代发展的潮流中发展。全球治理倡议的提出，顺应世界",
        "对挑战。国际人士如是评价。",
        "（下转第三版）"
    ],
    "runs": 3,
    "total_chars": 2782
}