{
    "avg_inference_ms": 977.7566666666667,
    "chars_per_second": 30.68248064446846,
    "filename": "image_5.png",
    "fps": 1.0227493548156152,
    "rec_scores": [
        0.9571787714958191,
        0.9940409660339355,
        0.9595510959625244
    ],
    "rec_texts": [
        "君缘2018",
        "私房菜",
        "TEL33636717"
    ],
    "runs": 3,
    "total_chars": 30
}