{
    "avg_inference_ms": 916.168,
    "chars_per_second": 144.07837863797906,
    "filename": "image_2.png",
    "fps": 1.0915028684695383,
    "rec_scores": [
        0.9829882383346558,
        0.3929862976074219,
        0.833394467830658,
        0.6355814337730408,
        0.6002417802810669
    ],
    "rec_texts": [
        "紫微小吃",
        "上海市“下”订您",
        "马路不乱拿，车辆不乱停：",
        "垃圾不乱扔，宠物不就：",
        "全不乐费，守不活队"
    ],
    "runs": 1,
    "total_chars": 132
}