{
    "avg_inference_ms": 800.0880000000001,
    "chars_per_second": 1279.8592154862963,
    "filename": "image_7.png",
    "fps": 1.2498625151233362,
    "rec_scores": [
        0.9555477499961853,
        0.9541060924530029,
        0.9191538095474243,
        0.97780841588974,
        0.9475564360618591,
        0.8552998304367065,
        0.7841043472290039,
        0.8773176074028015,
        0.906719446182251,
        0.9061219692230225,
        0.7630878686904907,
        0.9048691987991333,
        0.7908661961555481,
        0.6478812098503113,
        0.9498949646949768,
        0.8231696486473083,
        0.4789484143257141
    ],
    "rec_texts": [
        "你一小时能走多远？6公里？4公里？还是4米？“4米？”你",
        "也许会说，“那太慢了，简直像蜗牛一样！”你说得不错，有一种在地",
        "上生活的蜗牛一小时只能走大约4米，跟人比起来，这真是够慢的。",
        "但人要是背着房子走，也许就不会这么想了。而蜗牛恰恰是背着“房",
        "子”爬行的。它的“房子”就是贴在它背部中央的那只壳",
        "蜗牛爬行有两个特(1)蜗爬行的速度漫",
        "(2) 蜗提背着房子把行的",
        "。(2分)",
        "这段话用列数字、举例子比法说明蜗牛爬行的速度慢，",
        "用作比的说明方法说明蜗牛背着壳爬行。(1分)",
        "文中”的词“只”“大约”去掉后，句子也是完整的，可",
        "以去掉吗？为什么？（3分)",
        "容：不能去掉，突出不了说明文的准确处性，科学性.严谨性",
        "说明了爬爬行过漫",
        "这段话开头连用五个问句，这样开头有何妙处？（2分）",
        "答：这运用了反问。为了增强语气，强调了蜗爬行慢。",
        "不起读思考意下文"
    ],
    "runs": 3,
    "total_chars": 1024
}