{
    "avg_inference_ms": 551.944,
    "chars_per_second": 462.00339164842813,
    "filename": "image_17.png",
    "fps": 1.811778006464424,
    "rec_scores": [
        0.9877511262893677,
        0.9919697046279907,
        0.8513492941856384,
        0.9325201511383057,
        0.9648900032043457,
        0.9147772789001465,
        0.984070897102356,
        0.8792946338653564,
        0.905685305595398,
        0.7973488569259644,
        0.9589645862579346
    ],
    "rec_texts": [
        "晓出净慈寺送林子方",
        "宋杨万里",
        "毕竟西湖六月中",
        "风光不与四时同。",
        "接天莲叶无穷碧，",
        "映日荷花别样红。",
        "四时田园杂兴宋范成大",
        "昼出耘田夜绩麻，",
        "村庄儿女各当家",
        "童孙未解供耕织，",
        "也傍桑阴学种瓜。"
    ],
    "runs": 1,
    "total_chars": 255
}