{
    "avg_inference_ms": 964.3063333333333,
    "chars_per_second": 23.851341845381775,
    "filename": "image_3.png",
    "fps": 1.0370148628426858,
    "rec_scores": [
        0.9789572358131409,
        0.7772062420845032,
        0.48134031891822815,
        0.9783462882041931,
        0.9935259222984314,
        0.9474830627441406
    ],
    "rec_texts": [
        "T&C",
        "H",
        "aeu",
        "e",
        "138",
        "南塘浜路"
    ],
    "runs": 3,
    "total_chars": 23
}