{
    "avg_inference_ms": 752.41,
    "chars_per_second": 1447.3491846200875,
    "filename": "image_7.png",
    "fps": 1.329062612139658,
    "rec_scores": [
        0.9896091818809509,
        0.9452896118164063,
        0.9581342935562134,
        0.9623643159866333,
        0.9774332642555237,
        0.9786120057106018,
        0.8380414843559265,
        0.675115704536438,
        0.8252917528152466,
        0.8759539127349854,
        0.9311419129371643,
        0.9453909993171692,
        0.7361776232719421,
        0.572895348072052,
        0.9673488140106201,
        0.8026673793792725,
        0.7266574501991272
    ],
    "rec_texts": [
        "十、阅读下面的一段话，完成段后的习题。",
        "你一小时能走多远？6公里？4公里？还是4米？“4米？”你",
        "也许会说，“那太慢了，简直像蜗牛一样！”你说得不错，有一种在地",
        "上生活的蜗牛一小时只能走大约4米，跟人比起来，这真是够慢的。",
        "但人要是背着房子走，也许就不会这么想了。而蜗牛恰恰是背着“房",
        "子”爬行的。它的“房子”就是贴在它背部中央的那只壳",
        "1.蜗牛爬行有两个特(1)蜗爬行的速度漫",
        "(2)蜗件提背着房子把行的",
        "2.这段话用列数字、举例子比方法说明蜗牛爬行的速度慢，",
        "用作比较的说明方法说明蜗牛背着壳爬行。(1分)",
        "3.文中”的词“只”“大约”去掉后，句子也是完整的，可",
        "以去掉吗？为什么？(3分)",
        "容：不能去掉，突出不了说明文的准确性，学性，严谨性",
        "说明爬他行度慢",
        "4.这段话开头连用五个问句，这样开头有何妙处？（2分)",
        "答：这运用了反问。为了增强语气，强调了蜗牛爬行慢。",
        "读者思考注意，引出下文"
    ],
    "runs": 1,
    "total_chars": 1089
}