{
    "avg_inference_ms": 1866.921,
    "chars_per_second": 1230.9037179398592,
    "filename": "image_9.png",
    "fps": 0.5356413045865358,
    "rec_scores": [
        0.9976651668548584,
        0.505199134349823,
        0.9839583039283752,
        0.9921824336051941,
        0.9995830655097961,
        0.9866465330123901,
        0.9986029267311096,
        0.9990483522415161,
        0.9955294728279114,
        0.9939249753952026,
        0.9997370839118958,
        0.9659179449081421,
        0.9986745119094849,
        0.9912499785423279,
        0.9972175359725952,
        0.9893555641174316,
        0.9846120476722717,
        0.9637609124183655,
        0.9730027914047241,
        0.995301365852356,
        0.512825071811676,
        0.9949504137039185,
        0.9882151484489441,
        0.982454240322113,
        0.9809938669204712,
        0.8341302871704102,
        0.980925977230072,
        0.9989122748374939,
        0.9964776039123535,
        0.9984846711158752,
        0.9502403736114502
    ],
    "rec_texts": [
        "21世纪教育",
        "caolowb",
        "中小学教育资源及组卷应用平台",
        "广安市2024年初中学业水平考试试题",
        "注意事项：",
        "1.本试卷分为试题卷（1-8页）和答题卡两部分。考试时间120分钟，满分120分。",
        "2.考生答题前，请先将姓名、准考证号等信息用黑色墨迹签字笔填写在答题卡上的指定",
        "位置，待监考老师粘贴条形码后，认真核对条形码上的姓名、准考证号与自己的准考证",
        "上的信息是否一致。",
        "3.请将选择题答案用2B铅笔填涂在答题卡上相应的位置，非选择题答案用0.5毫米黑",
        "色墨迹签字笔答在答题卡上的相应位置。超出答题区域书写的答案无效，在草稿纸、试",
        "题卷上答题无效。",
        "4.考试结束，监考人员必须将参考学生和缺考学生的答题卡、试题卷一并收回。",
        "一、积累与运用（33分）",
        "（一）选择题（1-6题，每小题2分，共12分）",
        "1.下列情境中，加点字的字音和字形完全正确的一项是（）",
        "端午刚过，夏至将至。初夏之校园①静谧（mi）悠然，万物并秀。我们如百卉之初绽，精神焕发，",
        "踌躇满志，踏入考场，迎接挑战；我们如朝阳之喷薄，胸有成竹，浏览试卷，仔细②斟灼（zhēng zuo)，",
        "③酝酿（liàng）答案；我们如泰山之沉稳，心无④旁鹜（wù），完成试卷，精益求精，书写灿烂。",
        "我们将以优异的成绩，去拥抱更美好的明天！",
        "材",
        "2.下列情境中，加点成语使用不恰当的一项是（）",
        "新时代，新征程，新使命，新业绩。广安市文旅事业蓬勃发展，取得了令人瞩目的成绩：华鉴山",
        "青峰绵延，奇石嶙峋，登临绝顶，令人①心旷神怡；天意谷洞中天河，悬泉飞瀑，②巧夺天工，令人",
        "③叹为观止；小平故里兰白菊黄，松青柏翠，静穆庄严，令人肃然起敬……中外游客④络绎不绝，广",
        "安人民倍感骄和自豪！",
        "3.下列语境中，没有语病的一项是（）",
        "①学生安全是否得到保障，关键在于思想认识到位。②严禁不要忽视学校的各项安全制度。③只",
        "有遵守各项安全制度，就能更好地成长。④安全无小事，责任重于泰山。",
        "4.下列情境中，标点符号使用规范的一项是（）",
        "21世纪教育网(www.21cnjy.com"
    ],
    "runs": 1,
    "total_chars": 2298
}