{
    "avg_inference_ms": 1505.037,
    "chars_per_second": 801.9736391862791,
    "filename": "image_8.png",
    "fps": 0.6644354922835783,
    "rec_scores": [
        0.9906214475631714,
        0.9970759153366089,
        0.8518492579460144,
        0.993727445602417,
        0.9953119158744812,
        0.9945835471153259,
        0.4217280447483063,
        0.9063389301300049,
        0.9961493611335754,
        0.9507291316986084,
        0.9945814609527588,
        0.9783185720443726,
        0.9452945590019226,
        0.9890996813774109,
        0.98419189453125,
        0.9783725738525391,
        0.9944117069244385,
        0.9860424399375916,
        0.9862640500068665,
        0.9876222014427185,
        0.9953123331069946,
        0.9952014684677124,
        0.8928585052490234,
        0.9798524379730225,
        0.9921056032180786,
        0.9894335269927979,
        0.980920672416687,
        0.9228113293647766,
        0.9813647866249084,
        0.9843684434890747,
        0.8748359084129333,
        0.9896125197410583,
        0.8260353207588196
    ],
    "rec_texts": [
        "语文试题参考答案",
        "一、现代文阅读",
        "(一)",
        "1.B",
        "2.D",
        "3.D",
        "501",
        "(二)",
        "4.A",
        "5.C",
        "6.①档案文件形成的年代久远；②档案文件的纸张严重酸化；③毛里求斯的气候",
        "湿热多雨，不利于档案文件的保存。",
        "(三)",
        "7.D",
        "8.①形象描写。将禹及其随员描写为“乞丐似的大汉”，写出艰苦卓绝的实干家",
        "形象。②言行描写。文中的禹坚毅寡言，一旦说话，则刚直有力。③对比手法。始终在",
        "同众大员的对比中塑造禹及其随员，从而凸显其“中国的脊梁”形象。",
        "9.①大禹治水的“故事”本身于史有据，作品查考典籍博采文献，富有历史韵味；",
        "②“新编”表现为新的历史讲述方式，如细节虚构、现代语词掺入、杂文笔法使用，作",
        "品充满想象力及创造性；③对“故事”进行“新编”，着眼于对历史与现实均作出观照，",
        "作品具有深刻的思想性。",
        "二、古代诗文阅读",
        "(一)",
        "10.C",
        "11.A",
        "12.C",
        "13.（1）于是说贾谊坏话道：“洛阳之人，年轻学浅，一味想独揽权力，使事情变",
        "得复杂混乱。”",
        "(2)贾生屡次上奏，说诸侯封地有的接连数郡，不合古代制度，可以逐渐削减",
        "其封地。",
        "(二)",
        "14.C",
        "-11-"
    ],
    "runs": 3,
    "total_chars": 1207
}