{
    "avg_inference_ms": 892.565,
    "chars_per_second": 38.09246385417308,
    "filename": "image_3.png",
    "fps": 1.120366583946267,
    "rec_scores": [
        0.9963133335113525,
        0.46658796072006226,
        0.6943222880363464,
        0.9610176086425781
    ],
    "rec_texts": [
        "为违法",
        "T&0C0O00",
        "33333",
        "南塘浜路"
    ],
    "runs": 1,
    "total_chars": 34
}