{
    "avg_inference_ms": 1031.5990000000002,
    "chars_per_second": 34.897280823265625,
    "filename": "image_1.png",
    "fps": 0.9693689117573785,
    "rec_scores": [
        0.940808892250061,
        0.5939304828643799
    ],
    "rec_texts": [
        "广东省钢铁研究所",
        "音斗进取"
    ],
    "runs": 3,
    "total_chars": 36
}