{
    "avg_inference_ms": 1071.543,
    "chars_per_second": 187.57996645958212,
    "filename": "image_13.png",
    "fps": 0.9332336639780205,
    "rec_scores": [
        0.9985005855560303,
        0.9630396366119385,
        0.9945347309112549,
        0.9961116909980774,
        0.9903791546821594,
        0.9888274073600769,
        0.9994190335273743,
        0.9876965284347534
    ],
    "rec_texts": [
        "每天都在练字",
        "但字没有写得很好一",
        "更多的是一种情怀",
        "希望在笔与纸的碰撞中",
        "能找回真正的自己",
        "在这浮躁匆忙的日子里",
        "让心安静下来",
        "享受片刻的宁静与清澈"
    ],
    "runs": 3,
    "total_chars": 201
}