{
    "avg_inference_ms": 1685.394,
    "chars_per_second": 1032.9928788164666,
    "filename": "image_14.png",
    "fps": 0.5933330722667816,
    "rec_scores": [
        0.9999337196350098,
        0.7441611886024475,
        0.9886505007743835,
        0.9719261527061462,
        0.9770164489746094,
        0.963076651096344,
        0.9695953130722046,
        0.9995852112770081,
        0.8993931412696838,
        0.9710313677787781,
        0.9997679591178894,
        0.8740522861480713,
        0.9997658133506775,
        0.8255006670951843,
        0.9821801781654358,
        0.5307651162147522,
        0.9941620826721191,
        0.5150789022445679,
        0.9994447231292725,
        0.9832424521446228,
        0.9637352824211121,
        0.9964503645896912,
        0.9968422651290894,
        0.990131676197052,
        0.9816902279853821,
        0.9950202703475952
    ],
    "rec_texts": [
        "第一章",
        "社会保障的度结构",
        "第二节中国社会保障体系的项目构成",
        "中国的社会保障体系由四大部分组成：社会保险——基本保障.保障劳动者因失去",
        "劳动能力从而失去工资后仍能维持基本生活：社会救助一最低层次的社会保障，保障社",
        "会成员的生存需要；社会福利——增进城乡全体居民生活福利的高层次社会保障；社会优",
        "抚—一特殊性质的社会保障，保障为社会做出贡献和牺牲的军人及其眷属的基本生活。社",
        "会保障制度的这几个组成部分构成一个相对完整的社会安全网络。中国社会保障制度项",
        "目构成如图1-2所示。",
        "社会保障制度",
        "社会保险制度",
        "社会救助制度",
        "社会福利制度",
        "社会优抚体系",
        "政策、财政支持",
        "sislat",
        "图1-2中国社会保障制度项目构成",
        "一、社保险",
        "社会保险是一种为丧失劳动能力或暂时失去劳动岗位的人提供的收入保险计划",
        "由政府举办，强制从业职工在其就业年份里拨出一部分收入缴纳保险税(费)作为保险基",
        "金，投保者缴纳社会保险税（费)满一定期限后，一旦由于保险计划规定的原因丧失劳动能",
        "力或失去工作岗位而导致收入中断或减少时，即可按照规定领取保险津贴。社会保险项目",
        "主要有：养老保险、失业保险、医疗保险、工伤保险、长期护理保险等。",
        "社会保险是社会保障体系的主体和发展重点。原因在于社会保险覆盖的对象是创造",
        "社会财富、决定经济增长的人口群体—一劳动者，具体地说包括从事第一产业、第二产业、",
        "第三产业的农民、工人和各种各样的服务工作者以及国家与地方的公务员，一般不包括那"
    ],
    "runs": 1,
    "total_chars": 1741
}