{
    "avg_inference_ms": 1849.2219999999998,
    "chars_per_second": 1153.458048844325,
    "filename": "image_12.png",
    "fps": 0.5407679553888068,
    "rec_scores": [
        0.9775098562240601,
        0.9528199434280396,
        0.9430242776870728,
        0.9445698261260986,
        0.9980243444442749,
        0.8892234563827515,
        0.9648345112800598,
        0.9978858828544617,
        0.9995555281639099,
        0.6631677150726318,
        0.9768943786621094,
        0.9922842383384705,
        0.9829882383346558,
        0.9647502899169922,
        0.9696929454803467,
        0.9968518614768982,
        0.943331778049469,
        0.988773763179779,
        0.9751097559928894,
        0.9195591807365417,
        0.9772446155548096,
        0.9831430912017822,
        0.9965075254440308,
        0.9519055485725403,
        0.9899689555168152,
        0.9561606049537659,
        0.9621295928955078,
        0.9652679562568665,
        0.9822095632553101,
        0.943782389163971,
        0.9882091283798218,
        0.6681395173072815,
        0.9911132454872131,
        0.9469406604766846,
        0.9663779735565186,
        0.9800582528114319,
        0.9043102860450745,
        0.9878098368644714,
        0.9727500081062317,
        0.9750394821166992,
        0.9178004860877991,
        0.9893351793289185,
        0.9884969592094421,
        0.9898662567138672,
        0.8682994246482849
    ],
    "rec_texts": [
        "NANFANG DAILY",
        "南方日報",
        "1949年10月23日创刊",
        "1978-2018",
        "高度决定影响力",
        "广东政革开放40周年览1978-2018",
        "(1978-2018)广东改革开放40周年展览合影留念",
        "坚定不移走改革开放这条",
        "正确之路，强国之路，富民之路。",
        "tiug",
        "革开放，是我们党的历史上一次伟大觉醒，孕育了新时期从理论到实践的伟大创造。谨以此展献给改革开放40周年！",
        "深圳改革开放展览",
        "大潮起珠江”改革开放主题展",
        "广东濒临南海，毗邻港澳，华侨众多，自",
        "古就是我国对外经济和文化交流的重要窗",
        "党的十八大开启了中国特色社会主义新时代",
        "。以习近平同志为核心的党中央继续高举改",
        "大潮起珠江，历史选择了广东，广东无愧",
        "口。近代以来，广东人更是屡开风气之先",
        "革开放伟大旗帜，教锐把握新时代社会主要",
        "于历史。广东在改革开放大潮的洗礼中焕",
        "，走出了一大批引领变革图强的时代先驱",
        "矛盾变化对改革发展提出的新要求，以更大",
        "发新生，从一个经济落后的边陲省份，一",
        "。党的十一届三中全会的强劲东风，在南",
        "的政治勇气和智慧推进全面深化改革、扩大",
        "跃成为全国第一经济大省，以开放自信、",
        "海之滨掀起了思想解放的大潮。",
        "开放，完善和发展中国特色社会主叉制度，",
        "充满活力的崭新姿态走向世界、迈向现代",
        "推进国家治理体系和治理能力现代化。",
        "化。",
        "面对“什么是社会主义、怎样建设社会主",
        "义”这一时代之问，拥有独特人缘地缘优",
        "本展览按历史进程分为“一、敢为人先勇",
        "势和“敢为人先”文化基因的广东，把握",
        "立潮头”、“二、增创优势砥砺前行”",
        "历史脉搏，改革开放先行一步，率先创办",
        "“三、走在前列当好窗口”三个阶段，生",
        "特区，为探索社会主义中国“富起来”之",
        "动展现了波澜壮阔的政革开放历史。政革开",
        "路发挥排头兵、先行地、实验区作用。每",
        "放，是我们党的历史上一次伟大觉醒，正是",
        "当历史紧要关头，广东都会得到党中央的",
        "这个佛大觉醒，桑育了断"
    ],
    "runs": 3,
    "total_chars": 2133
}