{
    "avg_inference_ms": 3222.456333333333,
    "chars_per_second": 1423.1379809749685,
    "filename": "image_15.png",
    "fps": 0.31032228106737214,
    "rec_scores": [
        0.9993399381637573,
        0.9289146065711975,
        0.8368330001831055,
        0.9818024635314941,
        0.9767834544181824,
        0.9700247049331665,
        0.9410699009895325,
        0.9828834533691406,
        0.9456171989440918,
        0.955473780632019,
        0.968490481376648,
        0.9708991050720215,
        0.9748415946960449,
        0.9765825867652893,
        0.9529218673706055,
        0.9932301640510559,
        0.9527490735054016,
        0.9662397503852844,
        0.9430661201477051,
        0.9803265333175659,
        0.9651675224304199,
        0.977706253528595,
        0.9418361783027649,
        0.9655798673629761,
        0.9683754444122314,
        0.9788901209831238,
        0.9741315245628357,
        0.9824721217155457,
        0.9755713939666748,
        0.9746342897415161,
        0.910162091255188,
        0.992821991443634,
        0.9566062688827515,
        0.9055228233337402,
        0.9713030457496643,
        0.9722621440887451,
        0.9634735584259033,
        0.9707655906677246,
        0.9910850524902344,
        0.9649725556373596,
        0.9833703637123108,
        0.9706113934516907,
        0.9135242700576782,
        0.9736405611038208,
        0.9786581993103027,
        0.9498797059059143,
        0.9807541370391846,
        0.9341200590133667,
        0.9843549132347107,
        0.9824782013893127,
        0.9683458209037781,
        0.972693920135498,
        0.9791255593299866,
        0.9427014589309692,
        0.978997528553009,
        0.9755010604858398,
        0.9831442832946777,
        0.9763955473899841,
        0.9761252403259277,
        0.9767434000968933,
        0.9744030833244324,
        0.945412814617157,
        0.9805968999862671,
        0.9810929894447327,
        0.977277398109436,
        0.9537266492843628,
        0.964897871017456,
        0.9816951751708984,
        0.9580001831054688,
        0.9711526036262512,
        0.9442407488822937,
        0.9575819373130798,
        0.9652141332626343,
        0.9820622205734253,
        0.9802413582801819,
        0.9900689125061035,
        0.9832547307014465,
        0.9964298605918884,
        0.9744715690612793,
        0.9640005826950073,
        0.9584405422210693
    ],
    "rec_texts": [
        "把民族复兴伟业不断推向前进",
        "《南方》杂志编辑部",
        "本文责编/蒋玉",
        "9月3日，纪念中国人民抗日战争暨世界反法",
        "精气神。从“枪杆子里面出政权”到“农村包围",
        "西斯战争胜利80周年大会在北京天安门广场隆重",
        "城市”，党和人民的胜利是在马克思主义和中",
        "举行，习近平总书记出席大会并发表重要讲话强",
        "国革命实际的一次次结合与创新中不断开群道",
        "调，新时代新征程，全国各族人民要在中国共产",
        "路的。在抗日战争中，党既有团结带领人民进",
        "党坚强领导下，传承和弘扬伟大抗战精神，为以",
        "行艰苦卓绝斗争的勇气，也有创造性运用持久",
        "中国式现代化全面推进强国建设、民族复兴伟业",
        "战、山地游击战打击侵略者的创新。改革开放",
        "而团结奋斗！",
        "初期，我们靠“摸着石头过河”闯出一片新天",
        "实现中华民族伟大复兴是近代以来中国人民",
        "地，彰显出“敢为人先”的精气神在开新局、",
        "最伟大的梦想。中国共产党自成立之日起，就义",
        "谋新篇中的关键作用。",
        "无反顾肩负起这一历史使命。在抗日战争中，面",
        "当今世界面临百年未有之大变局，需要“取",
        "对生死存亡的民族危机，中国共产党挺身而出，",
        "为人先”的地方不是少了，而是更多了。要把创",
        "高举抗日民族统一战线的伟大旗帜，以中流砥柱",
        "新作为引领发展的第一动力，面对新矛盾、新挑",
        "之姿引领全民族抗战的洪流，带领中国人民取得",
        "战，坚决破除一切体制机制障碍，在科技自立自",
        "了近代以来反抗外敌入侵的首次完全胜利，迎来",
        "强、发展新质生产力等关键领域敢打敢拼、敢间",
        "中华民族走向复兴的历史新起点。",
        "新路，以科技自立自强进一步夯实民族复兴坚实",
        "走过峥蝶岁月，历经风雨洗礼，今天我们可",
        "根基。",
        "以自豪地宣告：中华民族伟大复兴势不可挡！但",
        "前进的道路上，需要厚植“江山就是人民”",
        "是，前进的道路不会是坦途，我们仍必须准备经",
        "的为民情怀。抗日战争的胜利归根到底是人民的",
        "受风高浪急甚至惊涛骇浪的重大考验。前进的道",
        "胜利，正是因为我们党始终与人民心心相印、同",
        "路上，必须深入学习领会习近平总书记重要讲话",
        "甘共苦，才能动员起人民战争的磅确伟力。抗日",
        "精神，以更加奋发有为的姿态投身中国式现代化",
        "战争的胜利让我们明白：人民，只有人民，才是",
        "建设伟大实践，把民族复兴伟业不断推向前进。",
        "创造世界历史的动力。今天，我们同样应该说：",
        "前进的道路上，需要做好“越是艰险越向前",
        "人民，只有人民，才是民族复兴伟业最广泛、最",
        "的斗争准备。面对武装到牙齿的侵略者，面对前",
        "可靠的力量源泉。",
        "进路上的艰难险阻，我们党始终敢于向困难叫",
        "全心全意为人民服务，是中国共产党的根本",
        "板，勇于向挑战“亮剑”，带领中国人民跨过一",
        "宗旨。始终坚持人民立场，把人民放在心中最高",
        "道又一道坎，取得一个又一个胜利，推动民族复兴",
        "位置，这是中华民族伟大复兴的价值所在。要自",
        "曙光在前。这是刻在中国共产党人血脉里的精神",
        "觉践行好新时代党的群众路线，推动各项政策举",
        "基因，是百年奋斗历程中淬炼出的宝贵品格。",
        "措更加符合民意、贴近民心。要始终与人民想在",
        "前事不忘，后事之师。越是临近民族复兴的",
        "一起、干在一起，不断实现好、维护好、发展好",
        "关键节点，越是需要高扬“越是艰险越向前”的",
        "最广大人民根本利益，着力解决人民群众急难",
        "斗争精神。要激扬狭路相逢勇者胜的胆识魄力，",
        "盼问题，谱写人民至上的新篇章。",
        "锤炼“踏平坎坷成大道”的斗争本领，在矛盾冲",
        "历史的车轮滚滚向前，时代的回响犹在耳",
        "突面前敢于迎难而上，在危机困难面前敢于挺身",
        "畔。让我们紧密团结在以习近平同志为核心的党",
        "而出，以“逢山开路、遇水架桥”的闯劲和“踏",
        "中央周围，从伟大抗战精神中汲取无惧风浪、",
        "石留印、抓铁有痕”的干劲，把斗争精神融入履",
        "砥砺前行的深厚底气，凝聚“万众一心加油",
        "职尽责的全过程，不断展现出中国式现代化光明",
        "干”的奋进力量，以“功成不必在我，功成必",
        "灿烂的前景。",
        "定有我”的历史担当，不断把民族复兴伟业推",
        "前进的道路上，需要发扬“敢为人先”的",
        "向前进。"
    ],
    "runs": 3,
    "total_chars": 4586
}