{
    "avg_inference_ms": 988.808,
    "chars_per_second": 97.08659315054085,
    "filename": "image_4.png",
    "fps": 1.0113186786514672,
    "rec_scores": [
        0.9941802024841309,
        0.9445770382881165,
        0.959502637386322,
        0.9614042639732361,
        0.98966383934021
    ],
    "rec_texts": [
        "民",
        "监控 报警器",
        "家为民电子安防器材",
        "0757-88322533 18666371688",
        "厂家直销佛山第2分"
    ],
    "runs": 3,
    "total_chars": 96
}