{
    "avg_inference_ms": 1347.078,
    "chars_per_second": 860.3807648851812,
    "filename": "image_8.png",
    "fps": 0.7423475106860924,
    "rec_scores": [
        0.9989138245582581,
        0.8417655229568481,
        0.9990858435630798,
        0.9815638661384583,
        0.8014134764671326,
        0.8872320652008057,
        0.9378883838653564,
        0.9941217303276062,
        0.9655092358589172,
        0.9896475076675415,
        0.9891224503517151,
        0.4815256893634796,
        0.9618587493896484,
        0.9643679261207581,
        0.96412593126297,
        0.9700605273246765,
        0.706674337387085
    ],
    "rec_texts": [
        "2019年普通高等学校招生全国统一考试",
        "语文试题考答案",
        "一、现代文阅读",
        "6.①档案文件形成的年代久远；②档案文件的纸张严重酸化；③毛里求斯的气候",
        "湿热多雨，不于档案文的保存。",
        "8.①形象描写。将禹及其随员描写为“乞丐似的大汉”，写出艰苦卓绝的实干家",
        "形象。②言行描写。文中的禹坚毅寡言，一旦说话，则刚直有力。③对比手法。始终在",
        "同众大员的对比中塑造禹及其随员，从而凸显其“中国的脊梁”形象。",
        "9.①大禹治水的“故事”本身于史有据，作品查考典籍博采文献，富有历史韵味；",
        "②“新编”表现为新的历史讲述方式，如细节虚构、现代语词掺入、杂文笔法使用，作",
        "品充满想象力及创造性；③对“故事”进行“新编”，着眼于对历史与现实均作出观照，",
        "作品具Yeu性。",
        "二、古代诗文阅读",
        "13.（1)于是说贾谊坏话道：“洛阳之人，年轻学浅，一味想独揽权力，使事情变",
        "得复杂混乱。”",
        "(2)贾生屡次上奏，说诸侯封地有的接连数郡，不合古代制度，可以逐渐削减",
        "-11— "
    ],
    "runs": 1,
    "total_chars": 1159
}