{
    "avg_inference_ms": 930.516,
    "chars_per_second": 156.90219190212744,
    "filename": "image_13.png",
    "fps": 1.0746725472748453,
    "rec_scores": [
        0.9981226921081543,
        0.5772253274917603,
        0.8364443778991699,
        0.5013329386711121,
        0.734039843082428,
        0.8927572965621948,
        0.9987462162971497,
        0.6908133029937744
    ],
    "rec_texts": [
        "每天都在练字",
        "但没有写好",
        "更多的是一种情怀",
        "希望在笔c碰o中",
        "能找己",
        "在这浮躁匆忙的日子里",
        "让心安静下来",
        "享受刻澈"
    ],
    "runs": 1,
    "total_chars": 146
}