{
    "avg_inference_ms": 1877.746,
    "chars_per_second": 1241.3819547478731,
    "filename": "image_12.png",
    "fps": 0.5325533911402287,
    "rec_scores": [
        0.941307783126831,
        0.9543725848197937,
        0.9499200582504272,
        0.9408140182495117,
        0.6383010149002075,
        0.4731309115886688,
        0.874700665473938,
        0.9141876697540283,
        0.9354914426803589,
        0.9987604022026062,
        0.8840789794921875,
        0.5509452223777771,
        0.9967460632324219,
        0.9475957155227661,
        0.9489569664001465,
        0.9728370308876038,
        0.984860897064209,
        0.9813804626464844,
        0.995080828666687,
        0.9673153758049011,
        0.997455894947052,
        0.9639295935630798,
        0.980721652507782,
        0.9925428032875061,
        0.9905733466148376,
        0.9931605458259583,
        0.9649908542633057,
        0.9775888919830322,
        0.9597832560539246,
        0.8944693803787231,
        0.9948228001594543,
        0.9432951211929321,
        0.826973021030426,
        0.9580990076065063,
        0.9901970624923706,
        0.9628278613090515,
        0.9866982698440552,
        0.9783647060394287,
        0.9906443357467651,
        0.950211226940155,
        0.9807137250900269,
        0.9978887438774109,
        0.9984837770462036,
        0.9945176839828491,
        0.9657151103019714,
        0.9975091814994812,
        0.9814243316650391,
        0.9994683265686035
    ],
    "rec_texts": [
        "南方日报社出版国内统一刊号：CN44-0001第24330号",
        "新闻报科·广告020—87360888",
        "发行服务热线：4008-921-921",
        "NANFANG DAILY",
        "1949年10月23日创刊",
        "19m",
        "高度决定影响力",
        "广东改革开放40周年展览1978~2018",
        "(1978-2018)广东改革开放40周年展览合影留念",
        "坚定不移走改革开放这条",
        "正确之路，a国之路，富民之路。",
        "tannelwb",
        "改革开放，是我们党的历史上一次伟大觉醒，孕育了新时期从理论到实践的伟大创造。谨以此展献给改革开放40周年！",
        "深圳改革开放展览馆",
        "“大潮起珠江”改革开放主题展",
        " 广东濒临南海，毗邻港澳，华侨众多，自",
        "党的十八大开启了中国特色社会主义新时代",
        "大潮起珠江，历史选择了广东，广东无愧",
        "古就是我国对外经济和文化交流的重要窗",
        "，以习近平同志为核心的党中央继续高举改",
        "于历史。广东在改革开放大潮的洗礼中焕",
        "口。近代以来，广东人更是开风气之先",
        "革开放伟大旗帜，敏锐把握新时代社会主要",
        "发新生，从一个经济落后的边陲省份，一",
        "，走出了一大批引领变革图强的时代先驱",
        "矛盾变化对改革发展提出的新要求，以更大",
        "跃成为全国第一经济大省，以开放自信、",
        "。党的十一届三中全会的强劲东风，在南",
        "的政治勇气和智慧推进全面深化改革、扩大",
        "充满活力的崭新姿态走向世界、迈向现代",
        "海之滨掀起了思想解放的大潮。",
        "开放，完善和发展中国特色社会主义制度，",
        "推进国家治理体系和治理能力现代化。",
        "⚫ 面对“什么是社会主义、怎样建设社会主",
        "义”这一时代之问，拥有独特人缘地缘优",
        "·本展览按历史进程分为“一、敢为人先勇",
        "势和“敢为人先”文化基因的广东，把握",
        "立潮头”、“二、增创优势砥砺前行”、",
        "历史脉搏，改革开放先行一步，率先创办",
        "“三、走在前列当好窗口”三个阶段，生",
        "特区，为探索社会主义中国“富起来”之",
        "动展现了波澜壮阔的改革开放历史。改革开",
        "路发挥排头兵、先行地、实验区作用。每",
        "放，是我们党的历史上一次伟大觉醒，正是",
        "当历史紧要关头，广东都会得到党中央的",
        "这个伟大觉醒，孕育了新时期从理论到实践",
        "亲切关怀和大力支持。",
        "的伟大创造。"
    ],
    "runs": 1,
    "total_chars": 2331
}