{
    "avg_inference_ms": 916.98,
    "chars_per_second": 102.51041462191105,
    "filename": "image_4.png",
    "fps": 1.0905363257650111,
    "rec_scores": [
        0.708225429058075,
        0.6924934387207031,
        0.6958062052726746,
        0.9489914774894714,
        0.4464411735534668
    ],
    "rec_texts": [
        "监控报警器",
        "Baojiaweimin",
        "保家为电防器材",
        "电话：0757-88322533 18666371688",
        "[abl_p店司"
    ],
    "runs": 1,
    "total_chars": 94
}