{
    "avg_inference_ms": 592.0709999999999,
    "chars_per_second": 385.0889504806012,
    "filename": "image_17.png",
    "fps": 1.6889866249149175,
    "rec_scores": [
        0.9849953055381775,
        0.9914771914482117,
        0.9283711910247803,
        0.9926350116729736,
        0.9769368767738342,
        0.9845326542854309,
        0.9922860264778137,
        0.951641321182251,
        0.9819340109825134,
        0.9713828563690186
    ],
    "rec_texts": [
        "晓出净慈寺送林子方",
        "宋杨万里",
        "毕竟西湖六月中，",
        "风光不与四时同。",
        "接天莲叶无穷碧，",
        "映日荷花别样红。",
        "田园杂兴宋范成",
        "昼出耘田夜绩麻，",
        "村庄儿女各当家。",
        "童孙未解供耕织，"
    ],
    "runs": 3,
    "total_chars": 228
}