{
    "avg_inference_ms": 1028.2203333333334,
    "chars_per_second": 149.7733462445306,
    "filename": "image_2.png",
    "fps": 0.9725541963930557,
    "rec_scores": [
        0.8530515432357788,
        0.9897148609161377,
        0.9980890154838562,
        0.35799530148506165,
        0.8377962112426758,
        0.670717716217041,
        0.4734882414340973,
        0.4744017720222473
    ],
    "rec_texts": [
        "ZW",
        "紫微小吃",
        "监控系统",
        "上海节电京”好园",
        "马路不乱拿，车辆不乱停；",
        "垃圾不乱扔，龙物不就怀：",
        "餐受不爱费，守不插队",
        "al"
    ],
    "runs": 3,
    "total_chars": 154
}