{
    "avg_inference_ms": 3102.109,
    "chars_per_second": 1476.4149164326593,
    "filename": "image_15.png",
    "fps": 0.3223613354656461,
    "rec_scores": [
        0.7841523289680481,
        0.9639245271682739,
        0.8281658887863159,
        0.9883149266242981,
        0.9889723658561707,
        0.983750581741333,
        0.9715728759765625,
        0.9847208857536316,
        0.9084051251411438,
        0.9905362725257874,
        0.9733060598373413,
        0.9841150641441345,
        0.9630711674690247,
        0.9832394123077393,
        0.9947623014450073,
        0.9863191246986389,
        0.9672898054122925,
        0.9593907594680786,
        0.9623697400093079,
        0.976976215839386,
        0.9736253619194031,
        0.9860783815383911,
        0.966712474822998,
        0.9854814410209656,
        0.9661692380905151,
        0.987301230430603,
        0.9823599457740784,
        0.980411171913147,
        0.9904510974884033,
        0.9818620085716248,
        0.9135388731956482,
        0.9914398193359375,
        0.9632368683815002,
        0.9294948577880859,
        0.9700164794921875,
        0.9812990427017212,
        0.9838681817054749,
        0.975959300994873,
        0.9642833471298218,
        0.9845044016838074,
        0.9756656885147095,
        0.9755500555038452,
        0.9819176197052002,
        0.987714946269989,
        0.9881069660186768,
        0.9901521801948547,
        0.9518606066703796,
        0.9284040331840515,
        0.9857205152511597,
        0.9674606919288635,
        0.98790043592453,
        0.9662345051765442,
        0.9852631092071533,
        0.989791989326477,
        0.9860427975654602,
        0.9849467277526855,
        0.992804765701294,
        0.9401101469993591,
        0.9812914729118347,
        0.9870989918708801,
        0.9579230546951294,
        0.9900972247123718,
        0.9783623218536377,
        0.9646288752555847,
        0.9859289526939392,
        0.976159393787384,
        0.9799637794494629,
        0.9900381565093994,
        0.9835652709007263,
        0.976647675037384,
        0.9637135863304138,
        0.9860041737556458,
        0.9541313648223877,
        0.9843633770942688,
        0.9926166534423828,
        0.9884349703788757,
        0.9989180564880371,
        0.9791566133499146,
        0.963282585144043,
        0.9995402693748474
    ],
    "rec_texts": [
        "把民族兴伟业不断推向前进",
        "《南方》杂志编辑部",
        "本文责编/蒋玉",
        "9月3日，纪念中国人民抗日战争暨世界反法",
        "精气神。从“枪杆子里面出政权”到“农村包围",
        "西斯战争胜利80周年大会在北京天安门广场隆重",
        "城市”，党和人民的胜利是在马克思主义和中",
        "举行，习近平总书记出席大会并发表重要讲话强",
        "国革命实际的一次次结合与创新中不断开辟道",
        "调，新时代新征程，全国各族人民要在中国共产",
        "路的。在抗日战争中，党既有团结带领人民进",
        "党坚强领导下，传承和弘扬伟大抗战精神，为以",
        "行艰苦卓绝斗争的勇气，也有创造性运用持久",
        "中国式现代化全面推进强国建设、民族复兴伟业",
        "战、山地游击战打击侵略者的创新。改革开放",
        "而团结奋斗！",
        "初期，我们靠“摸着石头过河”闯出一片新天",
        "实现中华民族伟大复兴是近代以来中国人民",
        "地，彰显出“敢为人先”的精气神在开新局、",
        "最伟大的梦想。中国共产党自成立之日起，就义",
        "谋新篇中的关键作用。",
        "无反顾肩负起这一历史使命。在抗日战争中，面",
        "当今世界面临百年未有之大变局，需要“敢",
        "对生死存亡的民族危机，中国共产党挺身而出，",
        "为人先”的地方不是少了，而是更多了。要把创",
        "高举抗日民族统一战线的伟大旗帜，以中流砥柱",
        "新作为引领发展的第一动力，面对新矛盾、新挑",
        "之姿引领全民族抗战的洪流，带领中国人民取得",
        "战，坚决破除一切体制机制障碍，在科技自立自",
        "了近代以来反抗外敌入侵的首次完全胜利，迎来",
        "强、发展新质生产力等关键领域敢打敢拼、敢阀",
        "中华民族走向复兴的历史新起点。",
        "新路，以科技自立自强进一步夯实民族复兴坚实",
        "走过峰嵘岁月，历经风雨洗礼，今天我们可",
        "以自豪地宣告：中华民族伟大复兴势不可挡！但",
        "前进的道路上，需要厚植“江山就是人民”",
        "是，前进的道路不会是坦途，我们仍必须准备经",
        "的为民情怀。抗日战争的胜利归根到底是人民的",
        "受风高浪急甚至惊涛骇浪的重大考验。前进的道",
        "胜利，正是因为我们党始终与人民心心相印、同",
        "路上，必须深入学习领会习近平总书记重要讲话",
        "甘共苦，才能动员起人民战争的磅礴伟力。抗日",
        "精神，以更加奋发有为的姿态投身中国式现代化",
        "战争的胜利让我们明白：人民，只有人民，才是",
        "建设伟大实践，把民族复兴伟业不断推向前进。",
        "创造世界历史的动力。今天，我们同样应该说：",
        "前进的道路上，需要做好“越是艰险越向前”",
        "人民，只有人民，才是民族复兴伟业最广泛、最",
        "的斗争准备。面对武装到牙齿的侵略者，面对前",
        "可靠的力量源泉。",
        "进路上的艰难险阻，我们党始终敢于向困难叫",
        "全心全意为人民服务，是中国共产党的根本",
        "板，勇于向挑战“亮剑”，带领中国人民跨过一",
        "宗旨。始终坚持人民立场，把人民放在心中最高",
        "道又一道坎，取得一个又一个胜利，推动民族复兴",
        "位置，这是中华民族伟大复兴的价值所在。要自",
        "曙光在前。这是刻在中国共产党人血脉里的精神",
        "觉践行好新时代党的群众路线，推动各项政策举",
        "基因，是百年奋斗历程中淬炼出的宝贵品格。",
        "措更加符合民意、贴近民心。要始终与人民想在",
        "前事不忘，后事之师。越是临近民族兴的",
        "一起、干在一起，不断实现好、维护好、发展好",
        "关键节点，越是需要高扬“越是艰险越向前”的",
        "最广大人民根本利益，着力解决人民群众急难愁",
        "斗争精神。要激扬狭路相逢勇者胜的胆识魄力，",
        "盼问题，谱写人民至上的崭新篇章。",
        "锤炼“踏平坎坷成大道”的斗争本领，在矛盾冲",
        "历史的车轮滚滚向前，时代的回响犹在耳",
        "突面前敢于迎难而上，在危机困难面前敢于挺身",
        "畔。让我们紧密团结在以习近平同志为核心的党",
        "而出，以“逢山开路、遇水架桥”的闯劲和“踏",
        "中央周围，从伟大抗战精神中汲取无惧风浪、",
        "石留印、抓铁有痕”的干劲，把斗争精神融入履",
        "砥砺前行的深厚底气，凝聚“万众一心加油",
        "职尽责的全过程，不断展现出中国式现代化光明",
        "干”的奋进力量，以“功成不必在我，功成必",
        "灿烂的前景。",
        "定有我”的历史担当，不断把民族复兴伟业推",
        "前进的道路上，需要发扬“敢为人先”的",
        "向前进。"
    ],
    "runs": 1,
    "total_chars": 4580
}