{
    "avg_inference_ms": 1810.8519999999999,
    "chars_per_second": 1156.913983031192,
    "filename": "image_19.png",
    "fps": 0.5522262448836239,
    "rec_scores": [
        0.9915359616279602,
        0.9658923745155334,
        0.9831060171127319,
        0.9996233582496643,
        0.99242103099823,
        0.9980905652046204,
        0.9968336820602417,
        0.9994627833366394,
        0.9544281959533691,
        0.9897673726081848,
        0.9799730181694031,
        0.9946693778038025,
        0.9654301404953003,
        0.9949126243591309,
        0.9961134791374207,
        0.9969356656074524,
        0.9881406426429749,
        0.9932641983032227,
        0.9814537167549133,
        0.9873986840248108,
        0.9960976839065552,
        0.9973328709602356,
        0.9798227548599243
    ],
    "rec_texts": [
        "化道路。毛泽东指出，“资本主义道路，也可增产，但时间要长，而且是",
        "痛苦的道路。我们不搞资本主义，这是定了的\"①。近代以来的历史证明，",
        "中国社会经济状况不允许走资本主义道路，如果搞资本主义只能成为帝国",
        "主义的附庸。而当时的时代条件和国际环境的新特点又促使中国人民选择",
        "走社会主义道路，中国革命的领导力量也决定了中国必然走社会主义道",
        "路。因此，在20世纪50年代中期实现国家工业化道路的选择上，中国不",
        "可能选择资本主义道路，而只能是选择社会主义道路。为了实现社会主义",
        "工业化，必须在充分利用原有工业潜力和进行新的工业建设的同时，对个",
        "体经济和私营资本主义工商业进行社会主义改造。计",
        "党在过渡时期总路线的主要内容被概括为“一化三改”。“一化”即社",
        "会主义工业化，“三改”即对个体农业、手工业和资本主义工商业的社会",
        "主义改造。它们之间相互联系，不可分离，可以比喻为鸟的“主体”和",
        "“两翼”。其中，“一化”是“主体”，“三改”是“两翼”，两者相辅相成、",
        "相互促进。这是一条社会主义建设和社会主义改造同时并举的路线，体现",
        "了社会主义工业化和社会主义改造的紧密结合，体现了解放生产力与发展",
        "生产力、变革生产关系与发展生产力的有机统一。",
        "2.党在过渡时期的总路线的理论依据",
        "马克思、恩格斯在创立科学社会主义理论时，就提出了从资本主义社",
        "会向社会主义社会过渡的问题。他们在《共产党宣言》中指出：“工人革",
        "命的第一步就是使无产阶级上升为统治阶级，争得民主。”“无产阶级将利",
        "用自己的政治统治，一步一步地夺取资产阶级的全部资本，把一切生产工",
        "具集中在国家即组织成为统治阶级的无产阶级手里，并且尽可能快地增加",
        "生产力的总量。”他们认为，从资本主义社会到社会主义社会，需要经历"
    ],
    "runs": 3,
    "total_chars": 2095
}