{
    "avg_inference_ms": 911.098,
    "chars_per_second": 155.85590134101932,
    "filename": "image_16.png",
    "fps": 1.0975767700071781,
    "rec_scores": [
        0.9475310444831848,
        0.9259538054466248,
        0.9849546551704407,
        0.9260224103927612,
        0.9805542826652527,
        0.9019716382026672,
        0.9934865832328796
    ],
    "rec_texts": [
        "我和谁都不争，",
        "和谁争我都不屑;",
        "我爱大自然，",
        "其次就是艺术；",
        "我双手烤着，",
        "生命之火取暖；",
        "我也准备走了。"
    ],
    "runs": 1,
    "total_chars": 142
}