{
    "avg_inference_ms": 1933.7173333333333,
    "chars_per_second": 1205.45022781682,
    "filename": "image_9.png",
    "fps": 0.5171386648720806,
    "rec_scores": [
        0.9909300804138184,
        0.5208806395530701,
        0.9943949580192566,
        0.9995200634002686,
        0.9977596998214722,
        0.9880993962287903,
        0.9781923294067383,
        0.998633861541748,
        0.9946161508560181,
        0.9955319166183472,
        0.9955630302429199,
        0.9979788064956665,
        0.9963200092315674,
        0.9965144395828247,
        0.9590926170349121,
        0.9337530732154846,
        0.9900473952293396,
        0.9698026180267334,
        0.9528486132621765,
        0.9489068388938904,
        0.9925993084907532,
        0.9269875884056091,
        0.8982539772987366,
        0.9135076999664307,
        0.881412923336029,
        0.9839248061180115,
        0.9982830882072449,
        0.9693127274513245,
        0.955491304397583,
        0.9701551795005798,
        0.9483619928359985,
        0.8407282829284668,
        0.8964869976043701,
        0.9763133525848389,
        0.9793746471405029,
        0.9927170872688293,
        0.9844639301300049,
        0.9412834644317627,
        0.9489060044288635,
        0.9347547292709351,
        0.8823502063751221,
        0.9875419735908508
    ],
    "rec_texts": [
        "21世纪教育",
        "w..",
        "中小学教育资源及组卷应用平台",
        "广安市2024年初中学业水平考试试题",
        "语文",
        "注意事项：",
        "1.本试卷分为试题卷（1-8页)和答题卡两部分。考试时间120分钟，满分120分。",
        "2.考生答题前，请先将姓名、准考证号等信息用黑色墨迹签字笔填写在答题卡上的指定",
        "位置，待监考老师粘贴条形码后，认真核对条形码上的姓名、准考证号与自己的准考证",
        "上的信息是否一致。",
        "3.请将选择题答案用2B铅笔填涂在答题卡上相应的位置，非选择题答案用0.5毫米黑",
        "色墨迹签字笔答在答题卡上的相应位置。超出答题区域书写的答案无效，在草稿纸、试",
        "题卷上答题无效。",
        "4.考试结束，监考人员必须将参考学生和缺考学生的答题卡、试题卷一并收回。",
        "一、积累与运用(33分)",
        "（一）选择题（1-6题，每小题2分，共12分）",
        "1.下列情境中，加点字的字音和字形完全正确的一项是（）",
        "端午刚过，夏至将至。初夏之校园①静谧（mi）悠然，万物并秀。我们如百卉之初绽，精神焕发，",
        "踌躇满志，踏入考场，迎接挑战；我们如朝阳之喷薄，胸有成竹，浏览试卷，仔细②斟灼（zhēngzuo)，",
        "③酝酿（liàng）答案；我们如泰山之沉稳，心无④旁骛（wù），完成试卷，精益求精，书写灿烂。",
        "我们将以优异的成绩，去拥抱更美好的明天！",
        "A. ①",
        "B. ②",
        "C. ③",
        "D. (④)",
        "2.下列情境中，加点成语使用不恰当的一项是（）",
        "新时代，新征程，新使命，新业绩。广安市文旅事业蓬勃发展，取得了令人瞩目的成绩：华山",
        "青峰绵延，奇石嶙峋，登临绝顶，令人①心旷神怡：天意谷洞中天河，悬泉飞瀑，②巧夺天工，令人",
        "③叹为观止；小平故里兰白菊黄，松青柏翠，静穆庄严，令人肃然起敬……中外游客④络绎不绝，广",
        "安人民倍感骄傲和自豪！",
        "A. ①",
        "B. (2)",
        "C. ③",
        "D.④",
        "3.下列语境中，没有语病的一项是（）",
        "①学生安全是否得到保障，关键在于思想认识到位。②严禁不要忽视学校的各项安全制度。③只",
        "有遵守各项安全制度，就能更好池成长。④安全无小事，责任重于泰山。",
        "A. ①",
        "B. ②",
        "C. ③",
        "D. ④",
        "4.下列情境中，标点符号使用规范的一项是（）"
    ],
    "runs": 3,
    "total_chars": 2331
}