{
    "avg_inference_ms": 1111.124,
    "chars_per_second": 151.19824610034524,
    "filename": "image_16.png",
    "fps": 0.8999895601211025,
    "rec_scores": [
        0.9809528589248657,
        0.9320489168167114,
        0.9841566681861877,
        0.9380998611450195,
        0.9842949509620667,
        0.9577121734619141,
        0.9619424343109131,
        0.9933481812477112,
        0.7874610424041748
    ],
    "rec_texts": [
        "我和谁都不争，",
        "和谁争我都不屑；",
        "我爱大自然，",
        "其次就是艺术；",
        "我双手烤着，",
        "生命之火取暖；",
        "火萎了，",
        "我也准备走了。",
        "——蓝行"
    ],
    "runs": 3,
    "total_chars": 168
}