{
    "avg_inference_ms": 1393.483,
    "chars_per_second": 1298.1859125658511,
    "filename": "image_18.png",
    "fps": 0.7176262645471815,
    "rec_scores": [
        0.9875694513320923,
        0.9045512676239014,
        0.5619555115699768,
        0.9192355275154114,
        0.9992876052856445,
        0.9928784966468811,
        0.9955349564552307,
        0.9983333349227905,
        0.9969650506973267,
        0.9976780414581299,
        0.9967296719551086,
        0.9978665113449097,
        0.9941277503967285,
        0.9844720363616943,
        0.9961251616477966
    ],
    "rec_texts": [
        "“人工智能+”的战略意义与推进路径",
        "来源：经济报",
        "作者：彭",
        "2025-09-2318:03:34",
        "当今世界正经历新一轮科技革命与产业变革，以人工智能为核心驱动力的智能经济正在成为经济发展的新引擎。作为引",
        "领未来的基础性、战略性技术，人工智能远超任何其他单一技术的战略价值已经在实践中显现，并目深刻改变着人类生产生",
        "活方式。由此，人工智能领域的竞争已成为国际科技和经济竞争的新焦点，“人工智能+”已成为塑造国家竞争新优势的关键力",
        "新时代以来，以习近平同志为核心的党中央高度重视人工智能发展和应用，着力完善顶层设计、加强工作部署，推动我",
        "国人工智能综合实力整体性、系统性跃升。我国人工智能专利数量占全球总量的60%，人形机器人、智能终端等领域不断取",
        "得突破。习近平总书记强调，“面对新一代人工智能技术快速演进的新形势，要充分发挥新型举国体制优势，坚持自立自强",
        "突出应用导向，推动我国人工智能朝着有益、安全、公平方向健康有序发展”。这为全面推进人工智能科技创新、产业发展和",
        "赋能应用，牢牢掌握人工智能发展和治理主动权，提供了遵循。2025年国务院印发《关于深入实施“人工智能+”行动的意",
        "见》，明确了实施“人工智能+”行动的总体要求、发展目标和重点方向，推动人工智能与经济社会各行业各领域广泛深度融",
        "合。新形势下，必须深刻理解和把握“人工智能+”的战略意义、实践挑战与推进路径，进一步促进生产力跃迁和生产关系变",
        "革，加快形成人机协同、跨界融合、共创分享的智能经济和智能社会新形态。"
    ],
    "runs": 1,
    "total_chars": 1809
}