{
    "avg_inference_ms": 434.6891791,
    "chars_per_second": 121.92620048590486,
    "filename": "image_3.png",
    "fps": 2.3004943487906573,
    "rec_scores": [
        0.9792146682739258,
        0.7956927418708801,
        0.9853620529174805,
        0.9676909446716309,
        0.9353747367858887,
        0.7099800109863281,
        0.9672388434410095,
        0.9949340224266052,
        0.9590944051742554
    ],
    "rec_texts": [
        "为违法",
        "客监管",
        "驶离",
        "车）",
        "T&C",
        "HOuS",
        "e",
        "138",
        "南塘浜路"
    ],
    "runs": 3,
    "total_chars": 53
}