{
    "avg_inference_ms": 434.6891791,
    "chars_per_second": 69.01483046371973,
    "filename": "image_5.png",
    "fps": 2.3004943487906573,
    "rec_scores": [
        0.9983330368995667,
        0.9941924214363098,
        0.9362943172454834
    ],
    "rec_texts": [
        "君缘2018",
        "私房菜",
        "TEL33636717"
    ],
    "runs": 3,
    "total_chars": 30
}